t,<x^2>,Std Error of Mean,"F_s(q1,R(t))","F_s(q2,R(t))","F_s(q3,R(t))",StdErrorOfMeanRq1,StdErrorOfMeanRq2,StdErrorOfMeanRq3
0,1,0,0.999,0.540302,-0.932497,#NAME?,#NAME?,5.11E-09
1,1.84,0.081388,0.998161,0.348572,0.879986,8.13E-05,0.0288143,0.00530852
2,2.81333,0.136739,0.99719,0.193435,-0.822206,0.000136511,0.0261563,0.00831672
3,4.01333,0.202429,0.995993,0.0938705,0.755702,0.000201889,0.0292273,0.0115002
4,5.08,0.259209,0.994931,0.0343541,-0.700423,0.00025826,0.0287971,0.0137836
5,5.91333,0.312959,0.994102,0.0296523,0.661862,0.000311513,0.028971,0.0156476
6,6.89333,0.35985,0.993127,-0.0138714,-0.615448,0.00035787,0.0292156,0.0170376
7,8.08667,0.416798,0.991942,-0.0302686,0.562319,0.000414117,0.0284984,0.0186627
8,8.85333,0.483101,0.991183,-0.0184717,-0.538401,0.000479302,0.0291202,0.0199148
9,9.76667,0.552809,0.99028,0.00700432,0.509649,0.000547574,0.0289796,0.0211143
10,10.56,0.575683,0.989492,-0.00509145,-0.475263,0.000570156,0.0288374,0.0218041
11,11.6267,0.639541,0.988437,-0.00504608,0.443693,0.000633195,0.0287092,0.0230744
12,12.0267,0.670803,0.988042,0.0532344,-0.434142,0.000663651,0.0281253,0.0237662
13,12.66,0.699862,0.987415,0.043441,0.414868,0.000692504,0.0292306,0.0243681
14,14.1733,0.780096,0.985921,0.0448622,-0.371872,0.000771004,0.0280201,0.0253145
15,14.9067,0.824599,0.985198,0.0281695,0.35266,0.000814073,0.0292842,0.0254593
16,16.12,0.881084,0.984,0.0169094,-0.318896,0.000869119,0.0285516,0.0258741
17,17.14,0.93472,0.982996,-0.0287488,0.293458,0.000921002,0.028147,0.0261349
18,18.3067,0.989185,0.981846,-0.0142382,-0.268713,0.000974577,0.0288021,0.0264975
19,19.5467,1.04009,0.980624,-0.0630734,0.236423,0.00102379,0.028071,0.0266048
20,20.6533,1.06139,0.979529,-0.0110977,-0.202235,0.00104487,0.0287569,0.027296
21,22.6867,1.16646,0.977534,-0.0192854,0.166373,0.00114625,0.0287899,0.0276777
22,23.2667,1.21486,0.97697,0.00100965,-0.155534,0.00119133,0.0285728,0.0275503
23,23.58,1.20004,0.976655,-0.033453,0.141452,0.00117787,0.0283367,0.0276337
24,24.7067,1.30116,0.975563,-0.0283098,-0.145167,0.00127515,0.0292145,0.027958
25,25.64,1.38931,0.97466,-0.0217574,0.14088,0.00135811,0.0290838,0.02788
26,26.7867,1.4512,0.973541,-0.0466661,-0.134906,0.00141843,0.0289301,0.0280247
27,27.7,1.50173,0.972651,-0.0245288,0.126976,0.0014667,0.0287893,0.0284095
28,29.0533,1.59566,0.971339,-0.045064,-0.117842,0.0015551,0.0293464,0.028346
29,29.7867,1.6688,0.970636,-0.0159572,0.121864,0.00162313,0.0289737,0.0285441
30,29.6533,1.64157,0.970759,-0.0144229,-0.102831,0.00159554,0.0287049,0.0281283
31,30.8933,1.70625,0.969553,0.0101376,0.0896963,0.00165728,0.029038,0.0286332
32,31.7333,1.736,0.968731,-0.00709654,-0.0792374,0.00168591,0.0289806,0.0283178
33,33.7867,1.82925,0.966733,-0.0109267,0.0613433,0.00177401,0.0284388,0.0290704
34,35.08,1.88446,0.965475,-0.0235191,-0.0570523,0.00182856,0.0290306,0.0291311
35,35.9133,1.90751,0.96466,0.0151354,0.0439099,0.00185099,0.029353,0.0289323
36,37.6533,1.99653,0.962975,0.0256462,-0.0439563,0.00193599,0.0282872,0.0289738
37,39.2267,2.11859,0.961471,-0.0234353,0.0522973,0.00205056,0.0289923,0.0284625
38,40.3733,2.17547,0.960363,0.0124733,-0.0533338,0.0021052,0.0287915,0.0292916
39,42.3267,2.27045,0.958478,0.0030549,0.0321858,0.00219269,0.0285037,0.0291728
40,42.8133,2.27587,0.958001,0.0320154,-0.0290517,0.00219909,0.0290902,0.0288824
41,43.52,2.29251,0.957312,-0.0331574,0.0114293,0.00221404,0.0282556,0.0287761
42,44.9067,2.36793,0.95598,-0.00435929,-0.014659,0.00228487,0.0291816,0.0288379
43,47.3067,2.53791,0.953697,0.0129997,0.021743,0.00244144,0.0291276,0.0291251
44,49.24,2.58548,0.951819,0.0234406,-0.0101524,0.0024891,0.0284033,0.0293097
45,48.94,2.62297,0.952133,0.00485461,0.00746393,0.0025187,0.0285764,0.0293635
46,50.2667,2.63582,0.950835,-0.0348298,-0.000462114,0.00253444,0.0292373,0.0290826
47,50.92,2.69269,0.950221,-0.00739665,-0.0127277,0.00258383,0.0282322,0.0291407
48,51.6,2.73894,0.949578,-0.0241385,-0.000880113,0.00262823,0.0292168,0.0294547
49,52.2867,2.78799,0.948929,-0.0331829,0.00760198,0.0026726,0.0281497,0.0296308
50,54.2133,2.88586,0.94709,0.0204262,0.000118289,0.00276158,0.0290672,0.0292442
51,55.5933,2.98206,0.94579,0.046393,0.0100688,0.00285132,0.0286296,0.0288587
52,55.76,2.9584,0.945613,0.0471234,0.00482916,0.00282874,0.0281184,0.0285322
53,57.3867,3.07142,0.944082,-0.00751204,-0.010392,0.00292996,0.0291153,0.0281107
54,59.6933,3.15941,0.941873,-0.03906,0.0303679,0.00300771,0.0293666,0.0281858
55,60.4333,3.21649,0.941183,-0.0464601,-0.0170056,0.00306284,0.028572,0.0282909
56,61.84,3.28193,0.939846,-0.0263621,0.01794,0.00312012,0.0283925,0.0278927
57,63.3333,3.38404,0.93845,-0.0236959,0.0160935,0.00321934,0.0288615,0.0278184
58,63.44,3.42784,0.938374,-0.0579045,-0.0209131,0.00325691,0.0287774,0.0283022
59,63.7,3.43666,0.938126,-0.0627433,0.00791966,0.00326566,0.0284961,0.0281409
60,64.04,3.5049,0.937838,-0.00956576,-0.00262543,0.00332202,0.0287281,0.0282636
61,65.3733,3.63053,0.936619,0.0102299,-0.000729498,0.00343055,0.0287863,0.0285081
62,66.6133,3.68918,0.935447,0.0271418,0.011566,0.00348433,0.0290363,0.0293771
63,67.28,3.71242,0.934813,0.0231248,-0.00603015,0.00351084,0.0291465,0.0291932
64,67.6,3.74236,0.934521,-0.0380657,0.0145954,0.00353453,0.0290425,0.0292759
65,67.88,3.74511,0.934249,0.0354788,-0.0133742,0.0035375,0.0294263,0.029096
66,67,3.67111,0.935057,0.0322536,-6.25E-05,0.00347352,0.027589,0.0290733
67,68.3867,3.75361,0.933759,0.00952637,-0.0168434,0.00354035,0.0289661,0.0291971
68,68.24,3.6774,0.933849,-0.0058613,0.00201707,0.00348042,0.0292245,0.028993
69,70.22,3.80581,0.932006,0.0253121,-0.0114617,0.0035891,0.0292336,0.0289125
70,71.7867,3.94786,0.93058,0.0203581,0.0307373,0.00370525,0.0288435,0.0287148
71,72.0067,4.02632,0.930424,0.0127354,-0.0370476,0.00376479,0.0285683,0.0287082
72,73.2267,4.15766,0.929335,0.00204086,0.0209465,0.00387607,0.0295502,0.0291574
73,74.5733,4.3433,0.92817,-0.0273699,0.00359788,0.00403053,0.0286002,0.0290217
74,74.9067,4.28705,0.927801,-0.0765529,0.00483538,0.00399211,0.0289687,0.0292443
75,76.4467,4.40284,0.926396,-0.0566713,-0.0124885,0.00409427,0.0283625,0.0287033
76,77.64,4.52388,0.925336,-0.053591,0.00813501,0.00420052,0.0293197,0.0289121
77,78.8933,4.63314,0.924209,-0.0411121,0.000573863,0.00429106,0.0290833,0.0292066
78,79.9333,4.69389,0.923249,-0.0280525,0.0134771,0.00433879,0.0285062,0.0290078
79,81.5667,4.68971,0.921657,-0.00411043,-0.03197,0.00434156,0.029033,0.0283596
80,84,4.83746,0.919423,0.0177274,0.033143,0.00446666,0.0284557,0.0289089
81,84.26,4.88756,0.919216,-0.00854851,-0.0415919,0.00450517,0.0285835,0.0287445
82,86.2667,4.95051,0.917326,0.036912,0.0562437,0.00456664,0.0290431,0.0282473
83,87.0133,5.03414,0.916676,0.0181332,-0.0771832,0.00462491,0.0288751,0.0283432
84,88.2267,5.12552,0.915584,0.0487704,0.0735342,0.00469647,0.0286922,0.0290686
85,89.3533,5.20102,0.914563,0.025404,-0.0781076,0.00475494,0.0287644,0.0291556
86,90.28,5.21295,0.913675,-0.00381283,0.0852024,0.00476246,0.0286321,0.028984
87,91.8333,5.26126,0.912218,-0.0238475,-0.0811565,0.00481362,0.0284919,0.0289534
88,91.92,5.25298,0.912128,-0.0687146,0.074614,0.00481779,0.0292682,0.0290963
89,92.6267,5.33158,0.911523,-0.0608411,-0.0645533,0.0048887,0.0283867,0.0292086
90,95.44,5.45495,0.908922,-0.0421529,0.0700097,0.00499316,0.0294064,0.0285766
91,96.7333,5.58247,0.907802,-0.0451072,-0.0705579,0.00509828,0.027828,0.0284204
92,98.64,5.691,0.906071,-0.0128309,0.0449181,0.00518859,0.0293408,0.0284588
93,99.3867,5.73302,0.905394,-0.0169506,-0.0607237,0.00522404,0.0285959,0.0285962
94,99.4,5.79361,0.905449,-0.0262243,0.0727848,0.00528414,0.0286732,0.0286555
95,98.88,5.74099,0.905895,-0.0567772,-0.07212,0.00523994,0.0291347,0.0284231
96,99.3733,5.82627,0.905509,-0.0609482,0.050152,0.00530306,0.0284298,0.0282423
97,100.02,5.85904,0.90492,-0.0493442,-0.0373243,0.00533308,0.0285693,0.0281817
98,100.813,6.04551,0.904358,-0.086826,0.0484216,0.00547628,0.0287514,0.0282321
99,100.68,6.00831,0.904442,-0.0723311,-0.0312394,0.00543372,0.0291244,0.0285979
100,102.2,6.0639,0.903036,-0.00379355,0.0483829,0.00548351,0.027912,0.0286836
101,103.64,6.13241,0.901721,0.0232126,-0.0528669,0.00553265,0.0289346,0.0285208
102,103.04,5.97537,0.902127,-0.0151256,0.0472129,0.00541828,0.0290365,0.0282485
103,103.3,5.99928,0.901898,-0.0366876,-0.0388492,0.00542375,0.0288566,0.0287511
104,103.213,5.96321,0.90194,-0.0326626,0.026748,0.00538888,0.0293392,0.029051
105,104.82,6.03943,0.900477,-0.0332111,-0.00913965,0.00546248,0.028592,0.0290638
106,106.96,6.11311,0.898499,-0.0483047,0.016013,0.00553887,0.0290649,0.0293965
107,106.44,6.05168,0.89893,-0.0122694,-0.0174887,0.00548651,0.0283256,0.0292788
108,107.187,6.05232,0.898215,-0.00241781,0.0117021,0.00550379,0.029373,0.0288122
109,108.84,6.23013,0.896826,-0.0503853,-0.0168956,0.00565335,0.0285364,0.0285586
110,109.347,6.30057,0.896418,-0.0351828,0.0149647,0.00570566,0.0287859,0.0284524
111,110.847,6.43514,0.895135,-0.00159204,-0.0227577,0.00582225,0.028868,0.0287898
112,112.307,6.55294,0.893874,0.0358172,0.0213672,0.005929,0.0286237,0.0285966
113,114.38,6.61776,0.891961,0.015374,0.00362667,0.00599259,0.0291154,0.0288704
114,114.2,6.62011,0.892135,-0.0338678,-0.00311997,0.00598773,0.0292381,0.0289345
115,115.22,6.71189,0.891265,-0.0411196,-0.00144774,0.00605531,0.027954,0.0282301
116,117.96,6.91677,0.888887,-0.0599409,0.0094789,0.00621188,0.0288718,0.0280714
117,118.353,6.96172,0.888566,-0.0552393,0.00107004,0.00624549,0.0284488,0.028417
118,120.627,7.06512,0.886516,-0.0363442,0.00314833,0.00632714,0.0288859,0.0288901
119,121.413,7.14346,0.885859,-0.0560636,-0.00511786,0.00637532,0.0291829,0.028906
120,123.093,7.2586,0.884396,-0.0557716,0.0155435,0.00645494,0.028867,0.0289367
121,123.947,7.24772,0.883568,-0.0401223,-0.0106176,0.00646236,0.0284537,0.028038
122,124.853,7.2499,0.882703,-0.0235727,0.0289421,0.00647045,0.0295765,0.0280224
123,126.493,7.32205,0.881227,-0.00777788,-0.0374025,0.00652608,0.0279427,0.0281522
124,126.027,7.32683,0.881682,-0.0160488,0.0289214,0.00653266,0.0294379,0.0282653
125,126.333,7.4001,0.881491,0.00177418,-0.0302962,0.00659937,0.0284048,0.0284769
126,128.987,7.53871,0.879142,0.000145039,0.0119858,0.00671772,0.0296217,0.0289459
127,130.48,7.65993,0.877883,-0.0202891,-0.0028532,0.00681466,0.0281498,0.0289067
128,132.04,7.70749,0.876462,0.0128739,0.000329822,0.00686525,0.0284455,0.0291308
129,131.733,7.64427,0.876667,-0.0292712,-0.0115754,0.00682006,0.0284554,0.0290635
130,131.8,7.72188,0.876709,0.000699537,0.0124952,0.00686678,0.0285934,0.0292554
131,132.173,7.71883,0.876346,-0.0317192,-0.00917176,0.00686296,0.0288847,0.0289832
132,130.747,7.55611,0.877486,-0.0165581,0.00778723,0.00674595,0.0286489,0.0290809
133,132.5,7.68312,0.875988,0.0113092,-0.0240958,0.00684939,0.0292115,0.0285644
134,133.427,7.83762,0.875319,-0.0234902,0.00988397,0.00695841,0.0280457,0.0287223
135,133.673,7.83271,0.875072,-0.0346787,0.00154298,0.00694413,0.0292344,0.0288636
136,134.52,7.86604,0.87431,-0.0290199,-0.00654193,0.00697029,0.0284186,0.0289728
137,135.593,7.92421,0.873373,-0.0327278,0.00695127,0.00702749,0.0284257,0.0291967
138,134.533,7.75821,0.87415,-0.00638564,0.021786,0.00690816,0.0287245,0.029313
139,135.067,7.82485,0.873735,0.0142308,-0.0282489,0.00695726,0.0288535,0.0293839
140,134.187,7.78231,0.874513,0.00842576,0.0159958,0.00691938,0.0289016,0.0295026
141,136.26,7.8796,0.872678,0.000716637,-0.0146086,0.00701168,0.0286656,0.0290252
142,138.653,7.94278,0.870486,-0.00372009,0.0278088,0.00706772,0.0289044,0.0292073
143,138.42,7.83993,0.870559,-0.0092619,-0.0336321,0.0069859,0.0284228,0.029056
144,139.067,7.97027,0.87013,-0.0241327,0.0328171,0.00708292,0.0292297,0.0287617
145,139.84,8.09908,0.86958,0.038315,-0.0264613,0.00717753,0.0287752,0.0287779
146,139.96,8.08708,0.869449,0.0198089,0.0337044,0.00717303,0.0285415,0.0291106
147,142.227,8.30926,0.867618,0.000401249,-0.0218563,0.00733594,0.0288448,0.0287614
148,143.533,8.41987,0.866539,0.00884497,0.0275052,0.00741318,0.0291113,0.0286711
149,145.513,8.54418,0.864845,0.00693647,-0.0298411,0.00750727,0.0288466,0.0285008
150,145.787,8.56603,0.864614,0.00525375,0.0218969,0.00751275,0.0284183,0.02871
151,146.24,8.69119,0.86437,-0.0211048,-0.0139318,0.00758318,0.0291255,0.0286136
152,148.067,8.66408,0.862592,-0.00724825,0.0258681,0.00757015,0.0292139,0.0287431
153,149.04,8.78728,0.861854,-0.0119191,-0.0311045,0.00764518,0.0289466,0.0287148
154,151.053,8.90563,0.86013,0.00450203,0.0136051,0.00773438,0.0293724,0.0288464
155,150.487,8.9663,0.86076,-0.0230128,-0.00122842,0.0077637,0.0279726,0.0283062
156,152.92,9.07639,0.858635,-0.00521695,-0.00157059,0.00786635,0.029015,0.0286735
157,154.907,9.25712,0.857045,0.00167376,0.0148171,0.00799374,0.0289116,0.0285069
158,155,9.27107,0.856976,0.0334911,-0.00325204,0.00799405,0.0289893,0.0289401
159,157.093,9.33044,0.855088,0.0211483,0.0138569,0.00803864,0.0287335,0.0288867
160,156.107,9.29557,0.855973,0.0313876,0.00199908,0.00802852,0.0284586,0.0292844
161,157.153,9.37775,0.855113,0.0510079,0.00247713,0.0080789,0.0284364,0.0292944
162,159.573,9.49887,0.853035,0.0508936,-0.0161577,0.00819197,0.0293727,0.0293396
163,161.173,9.59756,0.851679,0.0377499,0.00716467,0.0082449,0.0288452,0.0297587
164,162.213,9.62553,0.850751,-0.000592715,0.00205726,0.00828279,0.0281836,0.0292388
165,162.347,9.59451,0.850564,0.0440365,0.00219954,0.0082477,0.0300894,0.0292285
166,162.2,9.55438,0.850635,0.0444461,-0.0019956,0.00822029,0.0278377,0.0293748
167,162.58,9.66002,0.850445,-0.00674795,0.00538358,0.0082688,0.0294211,0.029226
168,161.493,9.59539,0.851356,0.0650438,0.0049842,0.00820846,0.0283489,0.0297615
169,163.693,9.72659,0.849498,0.00198986,0.0126385,0.00830014,0.0286744,0.0299876
170,162.533,9.68787,0.850536,-0.0043378,0.00304797,0.00828548,0.0290988,0.0296212
171,163.407,9.80317,0.849899,0.0434522,-0.000106708,0.00834524,0.0290984,0.0295114
172,165.027,9.86959,0.848494,0.00429399,0.0135776,0.00841662,0.0289825,0.0291443
173,165.327,9.81135,0.848117,0.0502551,0.000203498,0.00839512,0.0286626,0.0292783
174,164.12,9.71552,0.849086,0.0250067,-0.0091964,0.00831362,0.0291902,0.0291589
175,165.353,9.7393,0.847966,0.0298982,0.00439704,0.008343,0.0284152,0.029214
176,164.72,9.78063,0.848624,0.0414962,-0.0160273,0.00834193,0.0290115,0.0294961
177,166.293,9.93449,0.847399,0.00177261,0.00915397,0.00843535,0.0283463,0.0295559
178,168.133,10.1035,0.845954,0.0353672,-0.0114726,0.00854103,0.0290946,0.029653
179,168.06,9.94893,0.845764,0.0219847,-0.00105319,0.00846896,0.028986,0.0289699
180,167.893,9.99212,0.845991,0.0425433,0.00988177,0.0084839,0.0297124,0.0290602
181,168.527,10.1556,0.845681,-0.00263137,-0.0108099,0.00858899,0.027965,0.0291206
182,169.053,10.1696,0.845215,0.00624502,0.0133539,0.00861178,0.0298727,0.0290613
183,171.207,10.3698,0.843546,-0.00840224,-0.020265,0.00874695,0.0288357,0.0289485
184,172.44,10.3544,0.842361,-0.00137171,0.0377607,0.00875218,0.0287006,0.0292003
185,173.62,10.4593,0.841434,0.0023145,-0.0293406,0.00880843,0.0286046,0.0290242
186,173.453,10.4865,0.841643,0.0141413,0.00160913,0.00882858,0.0283791,0.0290159
187,173.84,10.5711,0.841431,-0.00461696,-0.0105569,0.00887512,0.0287587,0.0292954
188,175.28,10.5079,0.839963,-0.0155749,0.00556321,0.00884931,0.0281805,0.0288039
189,178.027,10.6638,0.837661,-0.0209075,-0.00744483,0.00894841,0.028925,0.0286121
190,179.92,10.8119,0.836148,-0.041029,0.0124407,0.00902796,0.028499,0.0284135
191,179.627,11.0023,0.836779,-0.0165755,-0.0194714,0.00913537,0.0289816,0.0277798
192,183.28,11.2452,0.833825,-0.031867,0.0403501,0.00931514,0.0285734,0.0277478
193,186.627,11.427,0.831049,-0.0298091,-0.0578766,0.00945093,0.029126,0.0278196
194,186.52,11.4493,0.83119,-0.0118896,0.0583739,0.00945976,0.0289556,0.0277861
195,188.013,11.3167,0.829539,0.0210392,-0.0357775,0.009403,0.0285307,0.0278082
196,187.107,11.3274,0.830406,0.0102851,0.0423904,0.00939807,0.0283805,0.0282209
197,189.44,11.5281,0.828609,0.0399108,-0.048277,0.00951449,0.0288558,0.0285423
198,190.973,11.6022,0.827333,-0.0156824,0.0467699,0.00958546,0.0294216,0.0288179
199,193.42,11.8218,0.825481,-0.0412653,-0.0587511,0.00971625,0.0284611,0.0293986
200,193.693,11.8573,0.82529,-0.0172785,0.0472854,0.00972559,0.029201,0.0289809
201,194.447,11.8611,0.824593,0.00195106,-0.0523626,0.00973127,0.0289826,0.0289714
202,194.36,11.9099,0.824762,0.013292,0.0404516,0.0097409,0.0287253,0.0288
203,195.593,12.0544,0.823909,0.0117951,-0.0349645,0.00983546,0.028988,0.0290135
204,195.667,12.0507,0.823826,0.00814762,0.0409009,0.00982001,0.0289832,0.0292031
205,197.3,12.1468,0.822491,-0.0196601,-0.034175,0.00987254,0.0290985,0.0292909
206,196.627,12.1084,0.823035,-0.00354588,0.031141,0.00984012,0.0289499,0.0289344
207,198.167,12.2211,0.821834,-0.0546511,-0.0365808,0.00991828,0.0280353,0.0288526
208,199,12.2793,0.821183,-0.00307535,0.0361174,0.00996445,0.0287962,0.0283376
209,197.887,12.1906,0.822029,0.0515926,-0.0306063,0.00989731,0.0293713,0.0287161
210,196.44,12.0583,0.823103,0.0727101,0.0385211,0.00980854,0.0280629,0.028838
211,198.34,12.0793,0.821379,0.0168041,-0.0340235,0.00984184,0.0290485,0.0289125
212,198.573,12.2002,0.8214,0.0617698,0.0527502,0.00989319,0.0289119,0.0287579
213,201.553,12.5165,0.819263,0.0542575,-0.0582524,0.010053,0.0289573,0.0285237
214,203.587,12.6978,0.817761,0.0360614,0.0434688,0.0101751,0.028107,0.0283404
215,201.593,12.5021,0.819216,-0.0195903,-0.0474559,0.0100822,0.0288586,0.0283502
216,201.773,12.6055,0.819264,-0.039692,0.0550472,0.0101362,0.0280595,0.0287112
217,202.327,12.6465,0.818851,0.00268246,-0.034961,0.0101893,0.028918,0.0289543
218,202.547,12.559,0.818469,-0.0170536,0.0408719,0.0101569,0.0293861,0.0291612
219,204.433,12.7522,0.817111,-0.018191,-0.0312385,0.0102537,0.0295281,0.0289133
220,204.173,12.6478,0.817147,0.0164658,0.021962,0.0102183,0.0279966,0.0292486
221,206.307,12.9061,0.815696,0.0323915,-0.016329,0.010338,0.0295199,0.0292143
222,206.187,12.8425,0.815687,0.00586693,0.0146817,0.0103247,0.0284117,0.0287621
223,207.64,12.9209,0.814498,0.0326188,-0.0269945,0.0103666,0.0290435,0.0288148
224,210.387,12.8724,0.811858,0.0326488,0.0254256,0.0103839,0.0286813,0.0289124
225,212.953,13.048,0.80986,0.0133485,-0.0390879,0.0104926,0.0285495,0.0286407
226,215.08,13.1967,0.808223,-0.0383948,0.041413,0.0105926,0.0291735,0.0286937
227,214.107,13.2948,0.80934,-0.0204392,-0.0471973,0.0106368,0.029351,0.0283346
228,218.36,13.5536,0.805974,-0.0208253,0.0476463,0.0107888,0.0291233,0.0282205
229,220.513,13.5655,0.804021,-0.0226649,-0.0481965,0.0108255,0.0290845,0.0280824
230,220.88,13.7243,0.804053,0.0272299,0.040332,0.0109227,0.0285946,0.0282874
231,221.733,13.5873,0.802964,0.0185915,-0.0313387,0.0108745,0.0291512,0.0281645
232,222.64,13.7039,0.802366,-0.00399445,0.0298117,0.0109048,0.029181,0.0285044
233,225.667,14.0031,0.800239,0.0430653,-0.0330533,0.0110479,0.0283767,0.0289233
234,226.413,14.1441,0.799871,0.051417,0.0344859,0.0111133,0.0287617,0.0289336
235,227.34,14.1788,0.799115,0.0444358,-0.0315699,0.0111617,0.0290136,0.0289502
236,226.227,14.2233,0.800238,0.000967569,0.0217572,0.0111637,0.0291224,0.0290573
237,226.933,14.1436,0.799396,-0.0284567,-0.0218743,0.0111252,0.0284053,0.0290582
238,227.32,14.2547,0.799256,-0.0017623,0.0254946,0.0111239,0.0292692,0.0286029
239,228.353,14.4452,0.798752,-0.00587536,-0.0285024,0.0112263,0.0290197,0.0283899
240,229.053,14.5784,0.798399,-0.0339659,0.0414021,0.0112626,0.0284476,0.0279856
241,228.467,14.605,0.798985,-0.043552,-0.03886,0.0112502,0.028825,0.0284368
242,229.04,14.6612,0.798586,-0.0599181,0.0311736,0.0112781,0.0291285,0.0286646
243,230.827,14.7072,0.797052,-0.0236255,-0.0324667,0.0113178,0.0286988,0.0286396
244,231.987,14.7393,0.796071,0.00603914,0.0388373,0.0113558,0.0290093,0.0292042
245,230.707,14.7274,0.797183,-0.00425229,-0.0384839,0.0112954,0.0287423,0.0287841
246,228.787,14.5423,0.798503,-0.0104899,0.0256423,0.0111857,0.0290807,0.0290818
247,230.107,14.5619,0.797332,-0.00689774,-0.0508584,0.0112027,0.028904,0.0291168
248,232.227,14.8197,0.795993,-0.0269147,0.0686512,0.0113368,0.0294082,0.0289976
249,234.453,15.1167,0.794673,-0.0274422,-0.0668535,0.0115058,0.0280927,0.0282124
250,235.787,15.0745,0.793371,-0.00479316,0.0660411,0.0115258,0.02887,0.0287949
251,234.013,14.9534,0.794729,0.0200777,-0.0633956,0.0114846,0.029176,0.0283562
252,235.08,15.118,0.794138,0.035448,0.0710896,0.011555,0.0282138,0.0287273
253,235.467,15.1689,0.79391,0.0280528,-0.0721464,0.0115869,0.0286069,0.0288373
254,237.427,15.2077,0.792226,0.0150479,0.0727545,0.0116456,0.0291379,0.0284016
255,240.46,15.3742,0.789824,-0.0117688,-0.0634136,0.0117169,0.0286846,0.0285866
256,240.04,15.3214,0.790074,-0.00208239,0.0455666,0.0116883,0.0282651,0.0287488
257,240.833,15.4697,0.789689,0.0125165,-0.039055,0.0117369,0.0294422,0.0290346
258,241.027,15.5163,0.789626,0.012787,0.0445143,0.0117619,0.0283725,0.028716
259,244.073,15.6585,0.787226,-0.022217,-0.0187382,0.0118925,0.0291425,0.0285275
260,244.613,15.4901,0.786358,0.0452068,0.0236129,0.0118761,0.0284932,0.0282835
261,246.627,15.6497,0.784942,0.00701332,-0.0318086,0.0119979,0.0285873,0.0287203
262,248.293,15.7404,0.783654,-0.0540087,0.0303799,0.0120686,0.0286493,0.0288188
263,247.86,15.7428,0.784046,-0.00360766,-0.0375183,0.0120612,0.0288313,0.0289924
264,250.16,16.0518,0.782714,-0.0250389,0.0514969,0.012199,0.0290113,0.0288308
265,251.953,16.1199,0.781201,-0.0851666,-0.0211762,0.0121898,0.02876,0.0293645
266,254.333,16.3838,0.779695,-0.00148942,0.0150327,0.0123127,0.0286907,0.0291588
267,254.747,16.2492,0.77899,-0.0434313,-0.0170021,0.0122746,0.0287917,0.029139
268,255.64,16.2938,0.778275,-0.0618698,0.00434377,0.0122737,0.0290961,0.0289971
269,258.027,16.4412,0.776477,-0.0429692,-0.00463273,0.0123389,0.0284389,0.029489
270,259.973,16.7144,0.775444,-0.058337,0.00492695,0.0124876,0.0290639,0.0297446
271,261.693,16.8429,0.77423,-0.0362607,-0.0226687,0.0125688,0.0290652,0.0292863
272,260.88,16.7889,0.774829,-0.0512248,0.0123814,0.0125385,0.0287319,0.0295744
273,263.113,16.8499,0.77302,-0.058158,-0.00718527,0.0126445,0.0292622,0.0291997
274,264.453,17.0164,0.772179,-0.0372367,-0.00628841,0.0126555,0.0289541,0.0289282
275,265.393,17.2562,0.771939,-0.0336458,-0.00359278,0.012735,0.0288613,0.0289845
276,268.973,17.6445,0.769702,0.0332484,-0.00420275,0.0128745,0.0291679,0.0291689
277,268.44,17.623,0.770108,0.0149973,0.000505314,0.0128385,0.0282451,0.028951
278,271.187,17.8223,0.76815,0.0363347,0.00980107,0.012934,0.0287371,0.0289835
279,273.327,17.8377,0.766319,-0.0106696,-0.00767175,0.0130198,0.0288173,0.0291899
280,274.773,17.9632,0.765364,0.00101772,-0.00170307,0.0130877,0.0288725,0.0288466
281,273.627,17.9809,0.766372,0.00973579,0.00860006,0.0130067,0.0290501,0.0289991
282,272.48,17.8226,0.766969,0.037756,-0.0103554,0.0129341,0.0284212,0.0290796
283,274.533,17.9377,0.765396,0.0254802,0.00776538,0.0129702,0.0291094,0.0286496
284,276.307,18.1313,0.764327,0.00671809,-0.00927916,0.0130645,0.0284841,0.0288093
285,279.227,18.2508,0.762026,-0.0176404,0.00470025,0.0131523,0.0291699,0.0286495
286,282.533,18.1776,0.758936,6.09E-05,0.00655012,0.0132447,0.0282987,0.0284325
287,279.527,17.8871,0.76087,-0.00177539,-0.0164542,0.0131322,0.0287512,0.0286151
288,279.267,17.9479,0.761252,0.0230842,0.0271937,0.0131395,0.0290738,0.0288453
289,280.8,17.8586,0.759625,0.0134324,-0.025562,0.0131256,0.0288633,0.0283331
290,282.493,17.8292,0.758057,0.0167567,0.0255172,0.0131663,0.0283205,0.0283209
291,285.62,18.0424,0.755837,0.0307322,-0.0216101,0.0132805,0.0294091,0.0288624
292,285.653,18.0959,0.755929,-0.0036435,0.0209524,0.0132738,0.0285321,0.0281994
293,287.247,18.1888,0.754693,-0.0354774,-0.00186982,0.0132707,0.0296571,0.0286172
294,286.787,18.2483,0.755261,-0.00778659,0.0124767,0.0132834,0.0285383,0.0287877
295,290.16,18.306,0.752428,-0.00716911,-0.0128545,0.0133705,0.0289036,0.0290485
296,292.28,18.2799,0.750498,-0.0199492,0.00553886,0.0134231,0.0282352,0.0294047
297,294.607,18.4237,0.748842,-0.0288634,-0.0221179,0.0135325,0.0294324,0.0292265
298,296.4,18.6191,0.747812,-0.044439,0.0106741,0.013647,0.0290735,0.0295941
299,296.847,18.6073,0.747361,-0.03925,-0.00760502,0.0136387,0.0289331,0.0289123
300,297.547,18.6736,0.746876,-0.0413342,0.0161921,0.0136352,0.0287029,0.0296079
301,297.507,18.6313,0.74677,0.010608,-0.0154016,0.0136116,0.0290001,0.0295869
302,299.213,18.7915,0.745678,-0.026778,0.0118501,0.0136725,0.0293167,0.0293636
303,299.767,18.7303,0.745054,0.00699572,-0.0277194,0.0136862,0.028976,0.0291317
304,302.013,18.8135,0.743302,-0.0210756,0.0196602,0.0137452,0.028437,0.0289623
305,304.1,18.9042,0.741702,0.0233246,-0.0188152,0.0137936,0.0294394,0.0290888
306,304.907,18.9256,0.741076,0.013636,0.0132398,0.0138282,0.028811,0.0291795
307,307.027,19.0931,0.739672,0.0466186,-0.00850332,0.0139188,0.028742,0.0292435
308,307.053,19.0831,0.739623,-0.0241973,0.00532959,0.0139094,0.0291588,0.0288602
309,308.4,19.1454,0.738676,-0.0364824,0.0104328,0.014001,0.0284744,0.0290899
310,309.373,19.2483,0.738066,0.0329132,-0.0160664,0.0140161,0.0284621,0.0294019
311,309.813,19.3121,0.737823,0.00659796,0.0237964,0.0140215,0.0290978,0.0292894
312,313.08,19.6473,0.735846,0.0120282,-0.0308668,0.0141287,0.0287042,0.0290768
313,312.6,19.5975,0.73612,0.0317439,0.019265,0.0140977,0.0289803,0.029313
314,315.56,19.7807,0.73399,0.0369789,-0.0174504,0.0141698,0.0283249,0.0296837
315,316.64,19.6998,0.732872,-0.00332211,0.0092916,0.0142135,0.0294033,0.029897
316,317.64,19.9478,0.732726,-0.0175118,-0.00586293,0.0143007,0.0289921,0.0293492
317,317.007,19.9861,0.733351,-0.0297277,-0.0052405,0.0142588,0.0281373,0.0296245
318,317.32,19.9479,0.732938,0.0232854,0.00651848,0.0142311,0.0289116,0.0295036
319,318.093,20.01,0.732397,0.0455047,-0.000639688,0.0142383,0.0294918,0.0290774
320,320.76,20.1153,0.730318,0.0229418,-0.00021266,0.0142842,0.0286782,0.0293178
321,322.887,20.2574,0.72887,-0.00322324,-0.00469161,0.0143673,0.029594,0.0289009
322,325.107,20.1492,0.726667,-0.00681251,0.0179357,0.0144226,0.0287095,0.0291316
323,321.44,19.8479,0.729058,0.0318569,-0.02302,0.014319,0.0292559,0.0293453
324,320.773,19.9,0.729804,0.0271509,0.0144359,0.0143307,0.0284947,0.0292818
325,321.72,19.851,0.728829,0.0168394,0.00648059,0.0143275,0.0292396,0.0294869
326,321.36,19.7744,0.728924,0.0422917,-0.0177574,0.0142865,0.0283766,0.0290918
327,324.2,20.0196,0.727192,0.00750653,0.00768227,0.0144367,0.029066,0.0289995
328,323.4,19.8781,0.727482,0.00921716,-0.00194913,0.0143917,0.0289617,0.029038
329,323.46,19.9381,0.727579,0.01841,-0.00169522,0.0143988,0.0292232,0.0294955
330,324.64,19.9994,0.72672,0.00802881,-0.00552288,0.0144332,0.0288,0.0292374
331,328.373,20.1891,0.72396,0.0283591,0.000246641,0.01451,0.028841,0.0292658
332,330.787,20.1661,0.721753,0.0114952,-0.0087764,0.0145309,0.0288107,0.0289755
333,332.127,20.2905,0.720953,0.00443104,0.00797409,0.0145964,0.0293267,0.0291756
334,332.267,20.3316,0.720991,-0.0339554,-0.0135286,0.0146334,0.0288447,0.0290129
335,332.333,20.2551,0.720693,0.0134521,0.0268937,0.0146012,0.0284466,0.0287725
336,333.36,20.2999,0.7199,-0.0136447,-0.035746,0.0146084,0.0290626,0.0284733
337,332.04,20.1665,0.720689,-0.0408654,0.0326703,0.0145679,0.0288553,0.0282875
338,331.36,20.0282,0.72093,-0.0566262,-0.0186802,0.014562,0.0284109,0.0283523
339,331.627,20.0626,0.720811,-0.0579563,0.0371204,0.0145858,0.0288924,0.0289265
340,335.213,20.2689,0.718226,-0.0630173,-0.0319843,0.0146559,0.0282244,0.0295635
341,337.087,20.4743,0.717161,-0.0747216,0.0252812,0.0147121,0.028971,0.0296629
342,338.293,20.5177,0.716281,-0.0343408,-0.0392767,0.0147708,0.0285468,0.0295168
343,338.987,20.5445,0.715787,0.0291112,0.0570755,0.0148136,0.0286682,0.0294087
344,338.92,20.5178,0.715775,0.0256827,-0.0569615,0.0148123,0.0284776,0.0288448
345,341.1,20.5854,0.714102,0.0188645,0.0566999,0.0148885,0.0290769,0.0286625
346,341.307,20.5964,0.713946,-0.0177225,-0.0396844,0.0148853,0.0286949,0.0283013
347,341.913,20.6278,0.713534,-0.00127382,0.0303196,0.0149216,0.0287656,0.0283687
348,345.12,20.8798,0.711433,0.00757939,-0.0217435,0.0149834,0.0290221,0.028703
349,344.56,20.8805,0.711895,0.009777,0.00184111,0.0149502,0.0284907,0.0283072
350,346.44,21.017,0.710677,-0.0459439,-0.00327456,0.0150178,0.0297403,0.0284686
351,346.273,20.8512,0.710343,-0.0175802,0.00284519,0.01499,0.0289626,0.028715
352,347.693,20.9657,0.709483,0.00544305,-0.00675995,0.0150598,0.0292629,0.028853
353,345.7,20.9241,0.711036,0.0189756,0.00368845,0.0149639,0.0288192,0.0288596
354,347.067,20.9299,0.70978,-0.0157891,-0.000199308,0.0149287,0.0285362,0.0286682
355,349.36,21.1384,0.708413,-0.0218233,-0.012345,0.0150117,0.0288572,0.0286474
356,351.973,21.2039,0.706343,0.0176149,0.00889428,0.0150751,0.0288127,0.0287618
357,354.113,21.1594,0.704328,-0.0189522,-0.0167654,0.0150913,0.0293221,0.0288294
358,356.6,21.2334,0.702447,-0.027472,0.0193795,0.0151859,0.0290558,0.0287147
359,356.473,21.1228,0.70224,-0.0214997,-0.00688234,0.0151685,0.0289022,0.0287362
360,354.187,20.9744,0.70378,0.0286703,0.0104077,0.0150981,0.0288323,0.0289586
361,356.047,21.1215,0.702577,-0.0457154,-0.00822356,0.0151409,0.0288155,0.0285982
362,355.6,21.1139,0.702942,0.00608674,0.0248752,0.0151261,0.0288219,0.0287583
363,359.467,21.376,0.700407,0.0281265,-0.0134362,0.0152657,0.028657,0.0286887
364,359.267,21.3776,0.700575,0.016475,0.0240304,0.0152498,0.0289771,0.0288483
365,358.927,21.3381,0.700741,-0.000992734,-0.042634,0.0152353,0.0288151,0.0288623
366,360.067,21.6168,0.700588,-0.00436257,0.0310855,0.0152951,0.0285993,0.0289384
367,364.1,21.8691,0.697844,0.0248661,-0.0190269,0.0153981,0.0289329,0.0287288
368,367.813,22.0577,0.69523,0.0195426,0.0306041,0.015505,0.0291624,0.0291045
369,368.207,22.1476,0.695136,0.0166477,-0.0239526,0.0155107,0.0290711,0.0288631
370,367.8,22.0888,0.695318,0.00958439,0.0415519,0.0154967,0.0288648,0.0287812
371,366.513,21.8409,0.695673,0.0116063,-0.0298168,0.0154388,0.0290394,0.0290566
372,367.36,21.8226,0.694895,0.0250984,0.0254783,0.0154602,0.0286692,0.0291248
373,365.153,21.7628,0.696667,-0.0101614,-0.0446963,0.0154482,0.0283624,0.0291888
374,365.08,21.6347,0.696347,-0.0262193,0.0205942,0.0154268,0.0294848,0.0293724
375,366.393,21.658,0.69525,-0.0728511,-0.0194484,0.0154267,0.0279793,0.0294414
376,369.947,21.9115,0.692935,-0.047726,0.0152776,0.0155166,0.0285309,0.0291848
377,370.567,22.0956,0.692951,-0.0155337,-0.0198853,0.0155594,0.0289651,0.0286392
378,372.213,22.0988,0.691598,0.0450815,0.0240397,0.0156226,0.0293039,0.0292979
379,371.667,22.1261,0.692148,0.0217881,-0.014901,0.0156105,0.0280841,0.0292979
380,372.493,21.9843,0.691021,-0.000348235,-0.00480576,0.0156162,0.028887,0.0295604
381,374.127,21.9718,0.689577,-0.0206293,-0.00431825,0.0156443,0.0290738,0.0289587
382,374.653,22.0374,0.689355,0.00308031,0.00131627,0.0156831,0.0290124,0.0285353
383,374.707,22.0808,0.689435,-0.00508695,-0.0010243,0.0156794,0.0288913,0.0284529
384,374.96,22.1237,0.689277,-0.0124624,-0.00209237,0.0156406,0.0293881,0.0281826
385,374.22,22.1817,0.690066,-0.0154069,-0.0143896,0.0156163,0.0284087,0.0281301
386,374.627,22.1115,0.689485,0.0441452,0.0237401,0.0155985,0.0288598,0.0287849
387,374.913,22.0362,0.689018,0.0230358,-0.0215389,0.0156031,0.0290145,0.0286302
388,377.573,22.2049,0.687299,0.0520593,0.0219124,0.0157111,0.027988,0.0289626
389,375.54,22.155,0.68886,0.0289243,-0.0142819,0.0156418,0.0284503,0.0286984
390,377.773,22.2627,0.687275,-0.000921653,-0.00399012,0.0157057,0.0295665,0.0282132
391,382.107,22.5445,0.684454,-0.0452898,0.00864643,0.0158393,0.0281906,0.0283666
392,384.773,22.636,0.682433,-0.00282129,-0.0125141,0.015886,0.0288104,0.0282725
393,387.813,22.6412,0.679837,-0.0148894,0.00484958,0.0159269,0.0288912,0.0284765
394,390.813,22.7207,0.677503,-0.0370601,-0.0329264,0.0159806,0.0293446,0.0281044
395,391.773,22.64,0.676411,-0.00908857,0.0245303,0.0159701,0.0282694,0.029055
396,389.32,22.4045,0.677735,0.00507958,-0.0294648,0.0158689,0.0288139,0.0289836
397,391.02,22.5715,0.676781,-0.0198601,0.0190484,0.0159126,0.0286017,0.0290581
398,388.96,22.4949,0.678274,-0.0140521,-0.000628218,0.0158454,0.0293673,0.0293038
399,391.767,22.7163,0.676605,-0.00571826,0.015424,0.0159558,0.0278238,0.0290078
400,392.32,22.7987,0.676433,0.0374039,-0.031421,0.0160086,0.0289514,0.0288848
401,391.78,22.8351,0.677027,0.0368537,0.0278074,0.0160137,0.0286063,0.0289497
402,392.867,23.1329,0.677043,0.0247013,-0.0289638,0.0160813,0.0286696,0.0288718
403,395.127,23.2183,0.675368,0.0774588,0.0122569,0.0161195,0.0290079,0.028491
404,397.16,23.3217,0.673895,0.0293172,-0.00174728,0.0161219,0.0291326,0.0287563
405,395.96,23.2978,0.674826,0.0206602,0.00733577,0.0160812,0.0286207,0.028959
406,395.827,23.2395,0.674749,-0.0292099,-0.00428565,0.0160587,0.0287922,0.0288001
407,394.273,23.1488,0.675838,-0.00792522,-0.0184008,0.0160613,0.0287762,0.0286892
408,393.92,22.9687,0.675541,-0.0116654,0.0185682,0.0160044,0.02873,0.0288067
409,391.027,22.8289,0.677623,-0.0215463,-0.00828267,0.0159708,0.0292268,0.028401
410,392.227,22.8029,0.676537,0.00239317,-0.00045302,0.015998,0.0287927,0.0281732
411,392.313,22.7855,0.676411,0.0259472,-0.00813916,0.0160048,0.0281615,0.0281643
412,394.56,22.9819,0.675118,0.0095135,0.00264513,0.0160755,0.0294033,0.0279361
413,394.087,23.0361,0.675722,0.0241084,-0.00174253,0.0160929,0.0278601,0.027798
414,395.173,23.1022,0.675042,0.0388629,0.00425262,0.0161382,0.0287204,0.0282538
415,395.44,23.2233,0.675173,0.0491387,-0.000160875,0.0161445,0.029058,0.0282862
416,397.307,23.2271,0.673566,0.0247367,-0.00871514,0.0161636,0.0287426,0.0283125
417,399.98,23.267,0.671446,-0.00560298,0.00135002,0.0162351,0.0291207,0.0287767
418,400,23.1849,0.671126,-0.0169651,-0.003603,0.0162051,0.0283691,0.0287052
419,399.627,23.2843,0.671738,0.0274453,0.00272033,0.0161988,0.029194,0.029013
420,399.507,23.2073,0.671487,0.0201057,-0.0191916,0.0161227,0.0285892,0.0287957
421,398.253,23.2,0.672569,0.0256607,-0.00136474,0.0161221,0.0297198,0.0291094
422,395.813,22.8986,0.673725,0.0184834,-0.0109483,0.0160537,0.027771,0.0292492
423,397.307,22.8773,0.672429,-0.0176454,-6.72E-05,0.0161081,0.0294638,0.0296031
424,399.893,23.0999,0.670963,0.00715108,-0.00111329,0.01622,0.0284582,0.0297448
425,399.187,23.1066,0.671609,0.0287512,0.00804575,0.016221,0.0285723,0.0293665
426,403.133,23.233,0.66867,-0.0451647,-0.012157,0.0163242,0.0296367,0.0295493
427,407.68,23.5789,0.665929,-0.0504279,0.00524642,0.016454,0.028247,0.0293614
428,410.013,23.8209,0.664693,0.00775014,-0.00173717,0.0165094,0.0282397,0.0292135
429,414,23.9629,0.661785,0.00597783,-0.00723228,0.0166038,0.0293645,0.0286819
430,416.733,24.0896,0.65987,0.011938,0.00166533,0.0166565,0.0289156,0.0284089
431,420.793,24.12,0.656482,-0.0098885,-0.00104374,0.0166958,0.0290822,0.0281765
432,420.307,24.1129,0.656762,-0.00934664,-0.00285014,0.0166234,0.0293462,0.0283233
433,420.387,24.1376,0.65673,-0.00380572,0.00698385,0.0166043,0.0285213,0.0287552
434,419.813,24.2384,0.657467,-0.0704105,-0.034637,0.0165632,0.0284185,0.0288515
435,423.467,24.3262,0.65465,-0.0729374,0.0426926,0.0166288,0.0291206,0.0284466
436,425.24,24.4456,0.653574,-0.0183792,-0.0409076,0.0167111,0.0286771,0.0288617
437,424.54,24.4799,0.654297,-0.00414912,0.039228,0.0167189,0.0279393,0.028752
438,426.147,24.7248,0.65371,-0.00740258,-0.0449462,0.016767,0.0291543,0.0290454
439,426.347,24.7067,0.653516,0.0123783,0.0519153,0.0167818,0.0289385,0.0287669
440,426.92,24.7183,0.653013,-0.0613145,-0.0572679,0.0167611,0.0286149,0.0286245
441,425.033,24.5383,0.65406,-0.0588813,0.0639404,0.016722,0.0293686,0.0285804
442,427.347,24.7481,0.652817,-0.0669237,-0.0614322,0.0168049,0.0285438,0.0283306
443,426.187,24.8229,0.654035,-0.0677736,0.0426216,0.0168025,0.0289476,0.0283283
444,426.16,24.7882,0.653992,-0.043816,-0.00935807,0.0167928,0.0293659,0.0285342
445,423.42,24.5859,0.655609,-0.0345239,0.0295536,0.0166965,0.0288411,0.0284183
446,423.96,24.4608,0.654709,0.0177087,-0.0474157,0.0166624,0.0284852,0.0282922
447,424.66,24.5033,0.65419,0.0238616,0.0493828,0.016651,0.0294348,0.0285626
448,428.587,24.815,0.651879,0.03431,-0.0581984,0.0167459,0.0281729,0.0283787
449,428.06,24.8269,0.652498,0.0258688,0.0397012,0.0168055,0.0296758,0.0284849
450,426.587,24.7264,0.653451,0.000839593,-0.0432909,0.0167771,0.0279441,0.0287996
451,425.433,24.7016,0.654295,0.0103649,0.0542471,0.0167361,0.0298112,0.0288867
452,427.08,24.7646,0.652982,-0.0183487,-0.0660297,0.0167011,0.0292315,0.0290368
453,429.453,24.7428,0.650946,0.00496274,0.046517,0.0167471,0.0287157,0.0290011
454,430.507,24.9158,0.650569,0.000789209,-0.0543103,0.0167659,0.0291663,0.029046
455,431.64,25.1154,0.650218,0.0260821,0.0605264,0.0167823,0.0283741,0.028647
456,430.587,25.0359,0.650743,0.00134534,-0.050971,0.0167155,0.029017,0.0286633
457,430.087,24.9869,0.651042,-0.0147364,0.0671357,0.0167121,0.0291226,0.0283806
458,425.827,24.6779,0.653601,-0.0360967,-0.0611694,0.0165914,0.028694,0.0280233
459,426.987,24.7397,0.652956,-0.0219917,0.0574133,0.0166847,0.0285581,0.0281116
460,431.173,25.0321,0.650383,0.00452913,-0.0656734,0.0167994,0.0290573,0.0282738
461,432.667,25.1318,0.649593,-0.00923242,0.0484427,0.016894,0.0294004,0.0283942
462,437.347,25.2351,0.646098,0.0435163,-0.0472338,0.0170268,0.0282467,0.028436
463,441.273,25.4324,0.643413,0.0497307,0.0396714,0.0170862,0.0292007,0.0286461
464,440.76,25.4757,0.643928,0.022216,-0.0354833,0.0170511,0.0283534,0.0281417
465,444.247,25.5687,0.641305,0.0335649,0.0326071,0.0170987,0.0288908,0.0288581
466,445.6,25.5465,0.640054,0.0139929,-0.0277166,0.0170804,0.0285691,0.0290578
467,451.1,25.8652,0.636492,-0.014518,0.0359124,0.017188,0.02927,0.0293529
468,449.973,25.8661,0.63734,-0.0267015,-0.0327,0.0171399,0.0292748,0.0290732
469,450.107,25.8617,0.637197,-0.0117728,0.0466898,0.0171266,0.0289959,0.0288867
470,452.333,26.0532,0.635915,0.0148735,-0.0574764,0.0171406,0.0291731,0.0291653
471,454.613,26.0563,0.634065,0.0194104,0.0561492,0.017195,0.0285413,0.029278
472,457.693,26.1958,0.631974,0.0607739,-0.0361983,0.0172817,0.0298655,0.0296595
473,457.267,26.2647,0.632593,0.00623789,0.047143,0.0172926,0.0278493,0.0290687
474,460.133,26.6606,0.631582,0.051514,-0.0394688,0.017401,0.0289213,0.0290256
475,461.74,26.6858,0.630351,-0.00485805,0.0335783,0.0174355,0.0289963,0.0287229
476,462.453,26.8612,0.630415,-0.0239046,-0.0435291,0.0174818,0.0287471,0.0286032
477,459.453,26.5683,0.631963,-0.017017,0.0348739,0.0174362,0.0287091,0.0289974
478,462.213,26.839,0.630597,0.00167782,-0.0409456,0.0175157,0.0283855,0.0293193
479,462.86,26.965,0.630389,-0.0262453,0.0335033,0.0174891,0.0291503,0.0291316
480,462.56,26.9718,0.630739,0.0106653,-0.049334,0.017499,0.0292769,0.0292682
481,462.04,26.964,0.631155,0.00891982,0.0470282,0.0174963,0.0281325,0.0294005
482,464.373,27.0708,0.629601,0.0275435,-0.0406688,0.0175617,0.0295506,0.0288949
483,464.173,27.053,0.629612,0.0582368,0.0600124,0.0175211,0.0286435,0.029225
484,469.173,27.4804,0.626889,0.0311875,-0.0560823,0.0176111,0.0297273,0.0288718
485,470.22,27.6215,0.626658,-0.0136451,0.0620624,0.0176831,0.0284777,0.0286812
486,470.227,27.6149,0.626719,-0.00901093,-0.0537175,0.0176959,0.0287271,0.0284461
487,469.7,27.5041,0.626768,-0.0158968,0.0315072,0.0176903,0.0294213,0.0288087
488,472.387,27.7516,0.625378,-0.0197672,-0.0246556,0.0177455,0.0291864,0.0288443
489,472.5,27.7261,0.625243,-0.0291505,0.0253665,0.0177461,0.029266,0.0288758
490,473.427,27.8577,0.624866,0.00498642,-0.024838,0.0177435,0.0285593,0.0290328
491,476.14,28.2279,0.623869,-0.027758,0.0337053,0.0177895,0.028493,0.0286158
492,473.707,28.0277,0.62514,-0.00532898,-0.0200013,0.0177238,0.0298401,0.0279338
493,471.947,28.041,0.626625,-0.0151656,0.0175584,0.0176852,0.028411,0.0284698
494,466.72,27.7965,0.630026,-0.0373828,-0.0227183,0.017564,0.0294502,0.0283309
495,469.093,27.862,0.628467,-0.00633729,0.0173407,0.0176845,0.0280476,0.0285895
496,472.987,28.1853,0.626403,-0.0202079,-0.00684488,0.0177972,0.0293331,0.0283662
497,473.08,28.1346,0.626214,-0.0251003,-0.00355589,0.0178027,0.0289567,0.029087
498,477.333,28.2942,0.623416,0.00262801,-0.0149068,0.0179392,0.028356,0.0291416
499,479.033,28.3531,0.622261,-0.00134522,0.0255852,0.0179884,0.0290296,0.029442
